Source,Target
psg,neymarjr
psg,danialves
psg,davidluiz_4
psg,lucasmoura7
psg,thiagosilva_33
negodoborel,kaka
negodoborel,psg
negodoborel,alexandrepires_
negodoborel,galvaobueno
negodoborel,bruninho1
negodoborel,pato
negodoborel,ronaldo
negodoborel,davidbeckham
negodoborel,justinbieber
negodoborel,euandremarques
negodoborel,caiocastro
negodoborel,seujorge
negodoborel,10emerson10
negodoborel,ticoelias
negodoborel,hugogloss
negodoborel,gabrielmedina
negodoborel,neymarpai_
negodoborel,tgmartins
negodoborel,hulkparaiba
negodoborel,andre_santos27
negodoborel,thiagosilva_33
negodoborel,fredguedes9
negodoborel,paulinhop8
negodoborel,davidluiz_4
negodoborel,oscar_emboaba
negodoborel,jotaamancio
negodoborel,leomessi
negodoborel,thbarbosa
negodoborel,marcelotwelve
negodoborel,danialves
negodoborel,neymarjr
negodoborel,guimemc
tombrady,ronaldo
tombrady,marcelotwelve
tombrady,psg
tombrady,neymarjr
tombrady,kaka
tombrady,davidbeckham
danbilzerian,neymarjr
danbilzerian,kellyslater
m_phelps00,davidbeckham
m_phelps00,kellyslater
m_phelps00,danbilzerian
oficialthiagopereira,pedroscooby
oficialthiagopereira,hugogloss
oficialthiagopereira,10emerson10
oficialthiagopereira,tgmartins
oficialthiagopereira,andersonvarejao18
oficialthiagopereira,neymarpai_
oficialthiagopereira,caiocastro
oficialthiagopereira,filipetoledo
oficialthiagopereira,galvaobueno
oficialthiagopereira,seujorge
oficialthiagopereira,danbilzerian
oficialthiagopereira,gabrielmedina
oficialthiagopereira,timebrasil
oficialthiagopereira,justinbieber
oficialthiagopereira,olympics
oficialthiagopereira,bobburnquist
oficialthiagopereira,gabrielopensadoroficial
oficialthiagopereira,kaka
oficialthiagopereira,snoopdogg
10emerson10,negodoborel
10emerson10,kaka
10emerson10,bruninho1
10emerson10,gentilfernanda
10emerson10,paulinhop8
10emerson10,thbarbosa
10emerson10,alexandrepires_
10emerson10,neymarjr
10emerson10,tgmartins
10emerson10,pedroscooby
ticoelias,tombrady
ticoelias,alexandrepires_
ticoelias,gabrielmedina
ticoelias,jotaamancio
ticoelias,psg
ticoelias,marcelotwelve
ticoelias,fredguedes9
ticoelias,hugogloss
ticoelias,leomessi
ticoelias,kaka
ticoelias,marcusbuaiz
ticoelias,euandremarques
ticoelias,tgmartins
ticoelias,bruninho1
ticoelias,danialves
ticoelias,thiagosilva_33
ticoelias,davidluiz_4
ticoelias,thbarbosa
ticoelias,ronaldo
ticoelias,paulinhop8
ticoelias,neymarjr
ticoelias,andre_santos27
papatinho,seujorge
papatinho,negodoborel
papatinho,filipetoledo
papatinho,snoopdogg
papatinho,pedroscooby
papatinho,leomessi
papatinho,justinbieber
papatinho,thbarbosa
papatinho,carlosburle
papatinho,marcelotwelve
papatinho,kellyslater
papatinho,guimemc
papatinho,ronaldo
papatinho,gabrielmedina
papatinho,gabrielopensadoroficial
papatinho,neymarjr
papatinho,bobburnquist
juliobaptistaoficial,bobsinclar
juliobaptistaoficial,galvaobueno
juliobaptistaoficial,justinbieber
juliobaptistaoficial,caiocastro
juliobaptistaoficial,davidbeckham
juliobaptistaoficial,jotaamancio
juliobaptistaoficial,leomessi
juliobaptistaoficial,neymarpai_
juliobaptistaoficial,danbilzerian
juliobaptistaoficial,gabrielmedina
juliobaptistaoficial,pato
juliobaptistaoficial,marcelotwelve
juliobaptistaoficial,marcusbuaiz
juliobaptistaoficial,gabrielopensadoroficial
juliobaptistaoficial,andre_santos27
juliobaptistaoficial,massafelipe19
juliobaptistaoficial,rubarrichello
juliobaptistaoficial,andreolifelipe
juliobaptistaoficial,tkanaan
juliobaptistaoficial,kaka
juliobaptistaoficial,16lucassilva
juliobaptistaoficial,ronaldo
juliobaptistaoficial,neymarjr
juliobaptistaoficial,thbarbosa
juliobaptistaoficial,danialves
juliobaptistaoficial,alexandrepires_
16lucassilva,ronaldo
16lucassilva,juliobaptistaoficial
16lucassilva,guimemc
16lucassilva,neymarjr
16lucassilva,marcelotwelve
16lucassilva,kaka
neymarpai_,vitorbelfort
neymarpai_,seujorge
neymarpai_,gabrielmedina
neymarpai_,marcusbuaiz
neymarpai_,pedroscooby
neymarpai_,tiagoleifert
neymarpai_,davidluiz_4
neymarpai_,kaka
neymarpai_,oscar_emboaba
neymarpai_,hulkparaiba
neymarpai_,paulinhop8
neymarpai_,thbarbosa
neymarpai_,danialves
neymarpai_,pato
neymarpai_,jotaamancio
neymarpai_,marcelotwelve
neymarpai_,ronaldo
neymarpai_,thiagosilva_33
neymarpai_,leomessi
neymarpai_,dantebahia
neymarpai_,lucasmoura7
neymarpai_,alexandrepires_
neymarpai_,bruninho1
neymarpai_,fredguedes9
neymarpai_,neymarjr
jotaamancio,paulinhop8
jotaamancio,negodoborel
jotaamancio,ticoelias
jotaamancio,thiagosilva_33
jotaamancio,lucasmoura7
jotaamancio,psg
jotaamancio,hulkparaiba
jotaamancio,marcelotwelve
jotaamancio,tiagoleifert
jotaamancio,hugogloss
jotaamancio,leomessi
jotaamancio,juliobaptistaoficial
jotaamancio,ronaldo
jotaamancio,edmundosouza10
jotaamancio,massafelipe19
jotaamancio,davidluiz_4
jotaamancio,gabrielmedina
jotaamancio,andre_santos27
jotaamancio,neymarpai_
timebrasil,carlosburle
timebrasil,galvaobueno
timebrasil,filipetoledo
timebrasil,davidluiz_4
timebrasil,thbarbosa
timebrasil,andreolifelipe
timebrasil,marcelotwelve
timebrasil,tiagoleifert
timebrasil,andersonvarejao18
timebrasil,m_phelps00
timebrasil,lucasmoura7
timebrasil,kaka
timebrasil,gabrielmedina
timebrasil,thiagosilva_33
timebrasil,hulkparaiba
timebrasil,oscar_emboaba
timebrasil,ronaldo
timebrasil,bruninho1
timebrasil,flaviocanto
timebrasil,gentilfernanda
timebrasil,neymarjr
timebrasil,oficialthiagopereira
timebrasil,olympics
davidbeckham,tombrady
davidbeckham,lucasmoura7
davidbeckham,snoopdogg
davidbeckham,pato
davidbeckham,kaka
davidbeckham,thiagosilva_33
davidbeckham,leomessi
davidbeckham,neymarjr
davidbeckham,psg
davidbeckham,ronaldo
john_john_florence,seujorge
john_john_florence,filipetoledo
john_john_florence,gabrielmedina
john_john_florence,kellyslater
tarsomarquesoficial,hulkparaiba
tarsomarquesoficial,rubarrichello
galvaobueno,m_phelps00
galvaobueno,oficialthiagopereira
galvaobueno,timebrasil
galvaobueno,flaviocanto
galvaobueno,juliobaptistaoficial
galvaobueno,caiocastro
galvaobueno,gentilfernanda
galvaobueno,tiagoleifert
galvaobueno,gabrielmedina
galvaobueno,neymarjr
galvaobueno,hugogloss
galvaobueno,euandremarques
galvaobueno,thiagosilva_33
galvaobueno,neymarpai_
galvaobueno,rubarrichello
galvaobueno,pato
galvaobueno,cacabuenoracing
galvaobueno,massafelipe19
galvaobueno,kaka
galvaobueno,ronaldo
pato,tombrady
pato,hulkparaiba
pato,ronaldo
pato,negodoborel
pato,thiagosilva_33
pato,marcelotwelve
pato,kaka
pato,hugogloss
pato,justinbieber
pato,oscar_emboaba
pato,massafelipe19
pato,davidbeckham
pato,neymarjr
flaviocanto,olympics
flaviocanto,john_john_florence
flaviocanto,tiagoleifert
flaviocanto,galvaobueno
flaviocanto,oficialthiagopereira
flaviocanto,timebrasil
flaviocanto,vitorbelfort
flaviocanto,marcelotwelve
flaviocanto,bruninho1
flaviocanto,rubarrichello
flaviocanto,filipetoledo
flaviocanto,bobburnquist
flaviocanto,maya
flaviocanto,kellyslater
guimemc,gabrielmedina
guimemc,neymarjr
andersonvarejao18,timebrasil
andersonvarejao18,kaka
andersonvarejao18,bruninho1
andersonvarejao18,ronaldo
andersonvarejao18,marcelotwelve
andersonvarejao18,neymarjr
andersonvarejao18,danialves
andersonvarejao18,thbarbosa
andersonvarejao18,andreolifelipe
acelerados,galvaobueno
acelerados,kaka
acelerados,tarsomarquesoficial
acelerados,gabrielmedina
acelerados,andreolifelipe
acelerados,massafelipe19
acelerados,tkanaan
acelerados,cacabuenoracing
acelerados,rubarrichello
gentilfernanda,alexandrepires_
gentilfernanda,hugogloss
gentilfernanda,maya
gentilfernanda,galvaobueno
gentilfernanda,andreolifelipe
gentilfernanda,pato
gentilfernanda,euandremarques
gentilfernanda,oscar_emboaba
gentilfernanda,hulkparaiba
gentilfernanda,davidluiz_4
gentilfernanda,paulinhop8
gentilfernanda,marcelotwelve
gentilfernanda,thbarbosa
gentilfernanda,thiagosilva_33
gentilfernanda,bruninho1
gentilfernanda,fredguedes9
gentilfernanda,gabrielmedina
gentilfernanda,filipetoledo
gentilfernanda,carlosburle
gentilfernanda,leomessi
gentilfernanda,danialves
gentilfernanda,flaviocanto
gentilfernanda,pedroscooby
gentilfernanda,kaka
gentilfernanda,lucasmoura7
gentilfernanda,tiagoleifert
gentilfernanda,neymarjr
gentilfernanda,ronaldo
leomessi,paulinhop8
leomessi,davidbeckham
leomessi,ronaldo
leomessi,neymarjr
leomessi,danialves
olympics,carlosburle
olympics,maya
olympics,gentilfernanda
olympics,kaka
marcelotwelve,snoopdogg
marcelotwelve,hugogloss
marcelotwelve,bruninho1
marcelotwelve,tombrady
marcelotwelve,caiocastro
marcelotwelve,10emerson10
marcelotwelve,m_phelps00
marcelotwelve,lucasmoura7
marcelotwelve,seujorge
marcelotwelve,davidbeckham
marcelotwelve,juliobaptistaoficial
marcelotwelve,16lucassilva
marcelotwelve,flaviocanto
marcelotwelve,hulkparaiba
marcelotwelve,pato
marcelotwelve,tgmartins
marcelotwelve,ronaldo
marcelotwelve,thbarbosa
marcelotwelve,danialves
marcelotwelve,davidluiz_4
marcelotwelve,oscar_emboaba
marcelotwelve,paulinhop8
marcelotwelve,kaka
marcelotwelve,thiagosilva_33
marcelotwelve,dantebahia
marcelotwelve,neymarjr
rami7oficial,marcelotwelve
rami7oficial,fredguedes9
rami7oficial,hulkparaiba
rami7oficial,ronaldo
rami7oficial,paulinhop8
rami7oficial,thbarbosa
rami7oficial,kaka
rami7oficial,thiagosilva_33
rami7oficial,neymarjr
rami7oficial,davidluiz_4
oscar_emboaba,alexandrepires_
oscar_emboaba,davidbeckham
oscar_emboaba,rami7oficial
oscar_emboaba,leomessi
oscar_emboaba,lucasmoura7
oscar_emboaba,fredguedes9
oscar_emboaba,hulkparaiba
oscar_emboaba,dantebahia
oscar_emboaba,danialves
oscar_emboaba,paulinhop8
oscar_emboaba,kaka
oscar_emboaba,thbarbosa
oscar_emboaba,ronaldo
oscar_emboaba,pato
oscar_emboaba,thiagosilva_33
oscar_emboaba,neymarjr
oscar_emboaba,marcelotwelve
oscar_emboaba,davidluiz_4
hulkparaiba,tarsomarquesoficial
hulkparaiba,justinbieber
hulkparaiba,negodoborel
hulkparaiba,danbilzerian
hulkparaiba,thbarbosa
hulkparaiba,ticoelias
hulkparaiba,davidbeckham
hulkparaiba,10emerson10
hulkparaiba,guimemc
hulkparaiba,snoopdogg
hulkparaiba,seujorge
hulkparaiba,neymarpai_
hulkparaiba,alexandrepires_
massafelipe19,andersonvarejao18
massafelipe19,justinbieber
massafelipe19,oscar_emboaba
massafelipe19,hulkparaiba
massafelipe19,acelerados
massafelipe19,galvaobueno
massafelipe19,marcelotwelve
massafelipe19,neymarpai_
massafelipe19,gabrielmedina
massafelipe19,aecionevesoficial
massafelipe19,danbilzerian
massafelipe19,caiocastro
massafelipe19,davidbeckham
massafelipe19,leomessi
massafelipe19,edmundosouza10
massafelipe19,fredguedes9
massafelipe19,lucasmoura7
massafelipe19,marcusbuaiz
massafelipe19,juliobaptistaoficial
massafelipe19,thiagosilva_33
massafelipe19,davidluiz_4
massafelipe19,andreolifelipe
massafelipe19,kaka
massafelipe19,tiagoleifert
massafelipe19,rubarrichello
massafelipe19,neymarjr
massafelipe19,kellyslater
massafelipe19,bruninho1
massafelipe19,ronaldo
massafelipe19,danialves
massafelipe19,pato
massafelipe19,tkanaan
massafelipe19,jpdeoliveira
massafelipe19,cacabuenoracing
alexandrepires_,snoopdogg
alexandrepires_,gabrielmedina
alexandrepires_,kellyslater
alexandrepires_,danbilzerian
alexandrepires_,gentilfernanda
alexandrepires_,hulkparaiba
alexandrepires_,10emerson10
alexandrepires_,justinbieber
alexandrepires_,seujorge
alexandrepires_,galvaobueno
alexandrepires_,leomessi
alexandrepires_,massafelipe19
alexandrepires_,rubarrichello
alexandrepires_,tgmartins
alexandrepires_,kaka
alexandrepires_,hugogloss
alexandrepires_,lucasmoura7
alexandrepires_,neymarpai_
alexandrepires_,caiocastro
alexandrepires_,davidluiz_4
alexandrepires_,marcelotwelve
alexandrepires_,oscar_emboaba
alexandrepires_,ronaldo
alexandrepires_,euandremarques
alexandrepires_,juliobaptistaoficial
alexandrepires_,pato
alexandrepires_,fredguedes9
alexandrepires_,thiagosilva_33
alexandrepires_,danialves
alexandrepires_,neymarjr
alexandrepires_,thbarbosa
paulinhop8,jotaamancio
paulinhop8,tombrady
paulinhop8,alexandrepires_
paulinhop8,guimemc
paulinhop8,10emerson10
paulinhop8,dantebahia
paulinhop8,fredguedes9
paulinhop8,rami7oficial
paulinhop8,davidluiz_4
paulinhop8,oficialthiagopereira
paulinhop8,leomessi
paulinhop8,lucasmoura7
paulinhop8,danialves
paulinhop8,neymarjr
paulinhop8,ticoelias
paulinhop8,rubarrichello
paulinhop8,ronaldo
paulinhop8,oscar_emboaba
paulinhop8,marcelotwelve
paulinhop8,thiagosilva_33
paulinhop8,kaka
paulinhop8,thbarbosa
dantebahia,ticoelias
dantebahia,snoopdogg
dantebahia,rami7oficial
dantebahia,tgmartins
dantebahia,leomessi
dantebahia,davidbeckham
dantebahia,pato
dantebahia,thbarbosa
dantebahia,gabrielopensadoroficial
dantebahia,fredguedes9
dantebahia,lucasmoura7
dantebahia,hulkparaiba
dantebahia,kaka
dantebahia,marcelotwelve
dantebahia,paulinhop8
dantebahia,ronaldo
dantebahia,andre_santos27
dantebahia,danialves
dantebahia,thiagosilva_33
dantebahia,alexandrepires_
dantebahia,davidluiz_4
dantebahia,oscar_emboaba
dantebahia,neymarjr
danialves,psg
danialves,negodoborel
danialves,davidbeckham
danialves,gabrielopensadoroficial
danialves,carlosburle
danialves,kellyslater
danialves,neymarpai_
danialves,seujorge
danialves,andersonvarejao18
danialves,justinbieber
danialves,andreolifelipe
danialves,hugogloss
danialves,rami7oficial
danialves,leomessi
danialves,ticoelias
danialves,jotaamancio
danialves,pedroscooby
danialves,bruninho1
danialves,gentilfernanda
danialves,fredguedes9
danialves,lucasmoura7
danialves,juliobaptistaoficial
danialves,hulkparaiba
danialves,bobburnquist
danialves,massafelipe19
danialves,dantebahia
danialves,gabrielmedina
danialves,marcelotwelve
danialves,ronaldo
danialves,tgmartins
danialves,euandremarques
danialves,davidluiz_4
danialves,alexandrepires_
danialves,pato
danialves,kaka
danialves,oscar_emboaba
danialves,paulinhop8
danialves,thbarbosa
danialves,thiagosilva_33
danialves,andre_santos27
danialves,neymarjr
tgmartins,pedroscooby
tgmartins,oficialthiagopereira
tgmartins,thiagosilva_33
tgmartins,gentilfernanda
tgmartins,10emerson10
tgmartins,hugogloss
tgmartins,euandremarques
tgmartins,gabrielmedina
tgmartins,marcelotwelve
tgmartins,leomessi
tgmartins,ticoelias
tgmartins,andre_santos27
tgmartins,danialves
tgmartins,ronaldo
tgmartins,bruninho1
tgmartins,neymarjr
tgmartins,thbarbosa
tgmartins,seujorge
thbarbosa,psg
thbarbosa,timebrasil
thbarbosa,10emerson10
thbarbosa,andersonvarejao18
thbarbosa,andreolifelipe
thbarbosa,gabrielmedina
thbarbosa,jotaamancio
thbarbosa,gentilfernanda
thbarbosa,neymarpai_
thbarbosa,davidluiz_4
thbarbosa,juliobaptistaoficial
thbarbosa,guimemc
thbarbosa,dantebahia
thbarbosa,leomessi
thbarbosa,lucasmoura7
thbarbosa,euandremarques
thbarbosa,marcusbuaiz
thbarbosa,ticoelias
thbarbosa,caiocastro
thbarbosa,danialves
thbarbosa,pedroscooby
thbarbosa,paulinhop8
thbarbosa,oscar_emboaba
thbarbosa,andre_santos27
thbarbosa,seujorge
thbarbosa,tgmartins
thbarbosa,justinbieber
thbarbosa,kaka
thbarbosa,pato
thbarbosa,marcelotwelve
thbarbosa,thiagosilva_33
thbarbosa,alexandrepires_
thbarbosa,tiagoleifert
thbarbosa,neymarjr
thbarbosa,ronaldo
thbarbosa,hugogloss
thbarbosa,bruninho1
bobburnquist,timebrasil
bobburnquist,hugogloss
bobburnquist,olympics
bobburnquist,galvaobueno
bobburnquist,vitorbelfort
bobburnquist,filipetoledo
bobburnquist,caiocastro
bobburnquist,leomessi
bobburnquist,seujorge
bobburnquist,papatinho
bobburnquist,maya
bobburnquist,carlosburle
bobburnquist,flaviocanto
bobburnquist,fredguedes9
bobburnquist,danialves
bobburnquist,bruninho1
bobburnquist,ronaldo
bobburnquist,john_john_florence
bobburnquist,neymarjr
bobburnquist,pedroscooby
bobburnquist,gabrielmedina
bobburnquist,kaka
bobburnquist,kellyslater
vitorbelfort,tombrady
vitorbelfort,kellyslater
thiagosilva_33,justinbieber
thiagosilva_33,davidbeckham
thiagosilva_33,galvaobueno
thiagosilva_33,neymarpai_
thiagosilva_33,seujorge
thiagosilva_33,ticoelias
thiagosilva_33,euandremarques
thiagosilva_33,10emerson10
thiagosilva_33,gabrielmedina
thiagosilva_33,hugogloss
gabrielopensadoroficial,gentilfernanda
gabrielopensadoroficial,pedroscooby
gabrielopensadoroficial,oficialthiagopereira
gabrielopensadoroficial,danialves
gabrielopensadoroficial,flaviocanto
gabrielopensadoroficial,john_john_florence
gabrielopensadoroficial,caiocastro
gabrielopensadoroficial,guimemc
gabrielopensadoroficial,maya
gabrielopensadoroficial,leomessi
gabrielopensadoroficial,thbarbosa
gabrielopensadoroficial,thiagosilva_33
gabrielopensadoroficial,lucasmoura7
gabrielopensadoroficial,kellyslater
gabrielopensadoroficial,filipetoledo
gabrielopensadoroficial,gabrielmedina
gabrielopensadoroficial,carlosburle
gabrielopensadoroficial,marcelotwelve
gabrielopensadoroficial,papatinho
gabrielopensadoroficial,davidluiz_4
gabrielopensadoroficial,dantebahia
gabrielopensadoroficial,neymarjr
davidluiz_4,juliobaptistaoficial
davidluiz_4,hugogloss
davidluiz_4,guimemc
davidluiz_4,psg
davidluiz_4,andreolifelipe
davidluiz_4,vitorbelfort
davidluiz_4,rami7oficial
davidluiz_4,bruninho1
davidluiz_4,gabrielopensadoroficial
davidluiz_4,fredguedes9
davidluiz_4,lucasmoura7
davidluiz_4,hulkparaiba
davidluiz_4,alexandrepires_
davidluiz_4,dantebahia
davidluiz_4,ticoelias
davidluiz_4,massafelipe19
davidluiz_4,kellyslater
davidluiz_4,danialves
davidluiz_4,paulinhop8
davidluiz_4,ronaldo
davidluiz_4,thbarbosa
davidluiz_4,oscar_emboaba
davidluiz_4,kaka
davidluiz_4,pato
bruninho1,olympics
bruninho1,psg
bruninho1,tombrady
bruninho1,euandremarques
bruninho1,gentilfernanda
bruninho1,caiocastro
bruninho1,timebrasil
bruninho1,10emerson10
bruninho1,neymarpai_
bruninho1,leomessi
bruninho1,hugogloss
bruninho1,lucasmoura7
bruninho1,davidluiz_4
bruninho1,ticoelias
bruninho1,andre_santos27
bruninho1,pato
bruninho1,tiagoleifert
bruninho1,andreolifelipe
bruninho1,kaka
fredguedes9,16lucassilva
fredguedes9,ticoelias
fredguedes9,edmundosouza10
fredguedes9,gabrielmedina
fredguedes9,rami7oficial
fredguedes9,gentilfernanda
fredguedes9,kaka
fredguedes9,marcelotwelve
fredguedes9,paulinhop8
fredguedes9,alexandrepires_
fredguedes9,hulkparaiba
fredguedes9,davidluiz_4
fredguedes9,oscar_emboaba
fredguedes9,dantebahia
fredguedes9,thiagosilva_33
fredguedes9,neymarjr
fredguedes9,lucasmoura7
fredguedes9,danialves
lucasmoura7,davidbeckham
lucasmoura7,bruninho1
lucasmoura7,alexandrepires_
lucasmoura7,ronaldo
lucasmoura7,psg
lucasmoura7,danialves
lucasmoura7,gabrielopensadoroficial
lucasmoura7,fredguedes9
lucasmoura7,marcelotwelve
lucasmoura7,paulinhop8
lucasmoura7,hulkparaiba
lucasmoura7,gentilfernanda
lucasmoura7,dantebahia
lucasmoura7,kaka
lucasmoura7,davidluiz_4
lucasmoura7,oscar_emboaba
lucasmoura7,neymarjr
lucasmoura7,thiagosilva_33
pedroscooby,marcusbuaiz
pedroscooby,oficialthiagopereira
pedroscooby,gentilfernanda
pedroscooby,10emerson10
pedroscooby,cacabuenoracing
pedroscooby,thbarbosa
pedroscooby,hugogloss
pedroscooby,gabrielopensadoroficial
pedroscooby,flaviocanto
pedroscooby,papatinho
pedroscooby,john_john_florence
pedroscooby,euandremarques
pedroscooby,danialves
pedroscooby,bobburnquist
pedroscooby,bruninho1
pedroscooby,caiocastro
pedroscooby,davidbeckham
pedroscooby,ronaldo
pedroscooby,jotaamancio
pedroscooby,neymarpai_
pedroscooby,maya
pedroscooby,filipetoledo
pedroscooby,gabrielmedina
pedroscooby,neymarjr
filipetoledo,negodoborel
filipetoledo,danbilzerian
filipetoledo,davidluiz_4
filipetoledo,gabrielopensadoroficial
filipetoledo,john_john_florence
filipetoledo,gentilfernanda
filipetoledo,flaviocanto
filipetoledo,carlosburle
filipetoledo,bobburnquist
filipetoledo,vitorbelfort
filipetoledo,pedroscooby
filipetoledo,gabrielmedina
andre_santos27,gabrielmedina
andre_santos27,psg
andre_santos27,hulkparaiba
andre_santos27,alexandrepires_
andre_santos27,neymarpai_
andre_santos27,jotaamancio
andre_santos27,andreolifelipe
andre_santos27,davidbeckham
andre_santos27,justinbieber
andre_santos27,10emerson10
andre_santos27,edmundosouza10
andre_santos27,guimemc
tkanaan,acelerados
tkanaan,kaka
tkanaan,juliobaptistaoficial
tkanaan,seujorge
tkanaan,andreolifelipe
tkanaan,massafelipe19
tkanaan,jpdeoliveira
tkanaan,rubarrichello
tkanaan,cacabuenoracing
neymarjr,hugogloss
neymarjr,psg
neymarjr,andersonvarejao18
neymarjr,tombrady
neymarjr,negodoborel
neymarjr,davidbeckham
neymarjr,massafelipe19
neymarjr,marcusbuaiz
neymarjr,danbilzerian
neymarjr,justinbieber
neymarjr,neymarpai_
neymarjr,rami7oficial
neymarjr,paulinhop8
neymarjr,leomessi
neymarjr,ticoelias
neymarjr,dantebahia
neymarjr,vitorbelfort
neymarjr,juliobaptistaoficial
neymarjr,fredguedes9
neymarjr,hulkparaiba
neymarjr,lucasmoura7
neymarjr,ronaldo
neymarjr,gentilfernanda
neymarjr,gabrielmedina
neymarjr,pedroscooby
neymarjr,danialves
neymarjr,guimemc
neymarjr,alexandrepires_
neymarjr,andre_santos27
neymarjr,jotaamancio
neymarjr,oscar_emboaba
neymarjr,pato
neymarjr,marcelotwelve
neymarjr,davidluiz_4
neymarjr,thiagosilva_33
neymarjr,thbarbosa
neymarjr,caiocastro
neymarjr,bruninho1
neymarjr,kaka
neymarjr,tiagoleifert
neymarjr,tgmartins
gabrielmedina,hugogloss
gabrielmedina,kaka
gabrielmedina,oficialthiagopereira
gabrielmedina,negodoborel
gabrielmedina,john_john_florence
gabrielmedina,neymarpai_
gabrielmedina,thbarbosa
gabrielmedina,thiagosilva_33
gabrielmedina,jotaamancio
gabrielmedina,tgmartins
gabrielmedina,fredguedes9
gabrielmedina,caiocastro
gabrielmedina,guimemc
gabrielmedina,maya
gabrielmedina,danialves
gabrielmedina,andreolifelipe
gabrielmedina,papatinho
gabrielmedina,bruninho1
gabrielmedina,bobburnquist
gabrielmedina,ronaldo
gabrielmedina,pedroscooby
gabrielmedina,filipetoledo
gabrielmedina,neymarjr
rubarrichello,tombrady
rubarrichello,bruninho1
rubarrichello,m_phelps00
rubarrichello,juliobaptistaoficial
rubarrichello,neymarpai_
rubarrichello,danialves
rubarrichello,leomessi
rubarrichello,davidbeckham
rubarrichello,galvaobueno
rubarrichello,gabrielmedina
rubarrichello,tarsomarquesoficial
rubarrichello,danbilzerian
rubarrichello,acelerados
rubarrichello,kellyslater
rubarrichello,flaviocanto
rubarrichello,hugogloss
rubarrichello,gentilfernanda
rubarrichello,davidluiz_4
rubarrichello,euandremarques
maya,hugogloss
maya,justinbieber
maya,neymarjr
maya,bobburnquist
maya,kellyslater
maya,gabrielmedina
maya,pedroscooby
edmundosouza10,davidbeckham
edmundosouza10,tgmartins
marcusbuaiz,rodrigobocardi
marcusbuaiz,jotaamancio
marcusbuaiz,tombrady
marcusbuaiz,danialves
marcusbuaiz,alexandrepires_
marcusbuaiz,bruninho1
marcusbuaiz,gentilfernanda
marcusbuaiz,edmundosouza10
marcusbuaiz,galvaobueno
marcusbuaiz,danbilzerian
marcusbuaiz,caiocastro
marcusbuaiz,kellyslater
marcusbuaiz,pedroscooby
marcusbuaiz,massafelipe19
marcusbuaiz,seujorge
marcusbuaiz,justinbieber
marcusbuaiz,tiagoleifert
marcusbuaiz,vitorbelfort
marcusbuaiz,davidbeckham
marcusbuaiz,leomessi
marcusbuaiz,neymarpai_
marcusbuaiz,kaka
marcusbuaiz,ticoelias
marcusbuaiz,thbarbosa
marcusbuaiz,aecionevesoficial
marcusbuaiz,tgmartins
marcusbuaiz,ronaldo
marcusbuaiz,hugogloss
marcusbuaiz,snoopdogg
marcusbuaiz,euandremarques
marcusbuaiz,neymarjr
cacabuenoracing,bobburnquist
cacabuenoracing,gentilfernanda
cacabuenoracing,maya
cacabuenoracing,carlosburle
cacabuenoracing,pedroscooby
cacabuenoracing,andreolifelipe
cacabuenoracing,galvaobueno
cacabuenoracing,pato
cacabuenoracing,jpdeoliveira
cacabuenoracing,euandremarques
cacabuenoracing,fredguedes9
cacabuenoracing,flaviocanto
cacabuenoracing,massafelipe19
cacabuenoracing,rubarrichello
cacabuenoracing,tiagoleifert
cacabuenoracing,kellyslater
cacabuenoracing,tkanaan
carlosburle,seujorge
carlosburle,tkanaan
carlosburle,massafelipe19
carlosburle,rubarrichello
carlosburle,cacabuenoracing
carlosburle,danialves
carlosburle,olympics
carlosburle,tiagoleifert
euandremarques,ronaldo
euandremarques,hugogloss
euandremarques,thbarbosa
euandremarques,bobburnquist
euandremarques,negodoborel
euandremarques,pedroscooby
euandremarques,gentilfernanda
euandremarques,tarsomarquesoficial
euandremarques,thiagosilva_33
euandremarques,andreolifelipe
kaka,neymarpai_
kaka,gentilfernanda
kaka,tombrady
kaka,olympics
kaka,leomessi
kaka,rami7oficial
kaka,davidbeckham
kaka,galvaobueno
kaka,andersonvarejao18
kaka,gabrielmedina
kaka,alexandrepires_
kaka,ticoelias
kaka,fredguedes9
kaka,pato
kaka,hulkparaiba
kaka,lucasmoura7
kaka,rubarrichello
kaka,marcusbuaiz
kaka,massafelipe19
kaka,danialves
kaka,tkanaan
kaka,thbarbosa
kaka,juliobaptistaoficial
kaka,paulinhop8
kaka,oscar_emboaba
kaka,davidluiz_4
kaka,bruninho1
kaka,thiagosilva_33
kaka,neymarjr
kaka,marcelotwelve
kaka,andreolifelipe
kaka,ronaldo
kaka,tiagoleifert
kaka,hugogloss
justinbieber,neymarjr
andreolifelipe,psg
andreolifelipe,snoopdogg
andreolifelipe,hugogloss
andreolifelipe,tgmartins
andreolifelipe,10emerson10
andreolifelipe,olympics
andreolifelipe,m_phelps00
andreolifelipe,oficialthiagopereira
andreolifelipe,seujorge
andreolifelipe,cacabuenoracing
andreolifelipe,gentilfernanda
andreolifelipe,davidbeckham
andreolifelipe,ticoelias
andreolifelipe,kellyslater
andreolifelipe,carlosburle
andreolifelipe,filipetoledo
andreolifelipe,flaviocanto
andreolifelipe,galvaobueno
andreolifelipe,neymarpai_
andreolifelipe,timebrasil
andreolifelipe,euandremarques
andreolifelipe,alexandrepires_
andreolifelipe,juliobaptistaoficial
andreolifelipe,caiocastro
andreolifelipe,aecionevesoficial
ronaldo,tombrady
ronaldo,olympics
ronaldo,snoopdogg
ronaldo,10emerson10
ronaldo,hulkparaiba
ronaldo,marcusbuaiz
ronaldo,m_phelps00
ronaldo,bobsinclar
ronaldo,seujorge
ronaldo,hugogloss
ronaldo,psg
ronaldo,kellyslater
ronaldo,galvaobueno
ronaldo,danbilzerian
ronaldo,filipetoledo
ronaldo,andersonvarejao18
ronaldo,pato
ronaldo,vitorbelfort
ronaldo,oscar_emboaba
ronaldo,carlosburle
ronaldo,gabrielmedina
jpdeoliveira,justinbieber
jpdeoliveira,kaka
jpdeoliveira,tombrady
jpdeoliveira,olympics
jpdeoliveira,galvaobueno
jpdeoliveira,gabrielmedina
jpdeoliveira,cacabuenoracing
jpdeoliveira,neymarjr
jpdeoliveira,leomessi
jpdeoliveira,massafelipe19
jpdeoliveira,kellyslater
jpdeoliveira,rubarrichello
jpdeoliveira,tkanaan
tiagoleifert,caiocastro
tiagoleifert,andreolifelipe
tiagoleifert,euandremarques
tiagoleifert,galvaobueno
tiagoleifert,thbarbosa
tiagoleifert,ronaldo
tiagoleifert,kaka
tiagoleifert,neymarjr
kellyslater,filipetoledo
kellyslater,m_phelps00
kellyslater,danbilzerian
hugogloss,neymarpai_
hugogloss,psg
hugogloss,tombrady
rodrigobocardi,andreolifelipe
rodrigobocardi,gentilfernanda
rodrigobocardi,tiagoleifert
rodrigobocardi,pedroscooby
rodrigobocardi,leomessi
rodrigobocardi,neymarjr
rodrigobocardi,galvaobueno
rodrigobocardi,hugogloss
caiocastro,davidbeckham
caiocastro,rubarrichello
caiocastro,danbilzerian
caiocastro,justinbieber
caiocastro,neymarjr
caiocastro,bobburnquist
caiocastro,pedroscooby
caiocastro,kellyslater
caiocastro,gabrielmedina
